suburb,total_persons,australian_citizens,non_citizens,university_count,student_share,non_citizen_share,intl_student_proxy,median_weekly_rent_x,median_weekly_rent_y
caulfield,5748,4800,948,418,0.0727209464161447,0.1649269311064718,0.0119936425195729,475,475
frankston,18801,16956,1845,691,0.0367533641827562,0.0981330780277644,0.0036067207551292,356,356
doncaster,24814,18111,6703,1689,0.0680664141210607,0.270129765454985,0.018386764481884,450,450
werribee,50027,38806,11221,1818,0.0363403761968537,0.224298878605553,0.0081511056290582,330,330
clayton,18988,8565,10423,4841,0.2549504950495049,0.5489256372445755,0.1399488629608695,400,400
parkville,7297,5385,1912,2660,0.3645333698780321,0.2620254899273674,0.0955170348371655,396,396
carlton,16055,8821,7234,4885,0.3042665836188103,0.45057614450327,0.1370952641481453,365,365
williamstown,14407,13043,1364,850,0.0589990976608593,0.0946761990698965,0.0055858103150837,450,450
